x_mm,r_mm,quantity,value,unit
10,2.5,ni,1.9898e+17,m-3
10,2.5,Te,13.1988,eV
10,2.5,Vp,274.0372,V
11,2.5,ni,2.5907e+17,m-3
11,2.5,Te,15.1244,eV
11,2.5,Vp,273.7988,V
12,2.5,ni,3.2807e+17,m-3
12,2.5,Te,17.1380,eV
12,2.5,Vp,273.5017,V
13,2.5,ni,4.0406e+17,m-3
13,2.5,Te,19.1989,eV
13,2.5,Vp,273.1316,V
14,2.5,ni,4.8401e+17,m-3
14,2.5,Te,21.2594,eV
14,2.5,Vp,272.6710,V
15,2.5,ni,5.6391e+17,m-3
15,2.5,Te,23.2660,eV
15,2.5,Vp,272.0982,V
16,2.5,ni,6.3899e+17,m-3
16,2.5,Te,25.1618,eV
16,2.5,Vp,271.3865,V
17,2.5,ni,7.0423e+17,m-3
17,2.5,Te,26.8892,eV
17,2.5,Vp,270.5034,V
18,2.5,ni,7.5488e+17,m-3
18,2.5,Te,28.3924,eV
18,2.5,Vp,269.4095,V
19,2.5,ni,7.8699e+17,m-3
19,2.5,Te,29.6207,eV
19,2.5,Vp,268.0570,V
20,2.5,ni,7.9800e+17,m-3
20,2.5,Te,30.5312,eV
20,2.5,Vp,266.3887,V
21,2.5,ni,7.8699e+17,m-3
21,2.5,Te,31.0911,eV
21,2.5,Vp,264.3372,V
22,2.5,ni,7.5488e+17,m-3
22,2.5,Te,31.2800,eV
22,2.5,Vp,261.8236,V
23,2.5,ni,7.0423e+17,m-3
23,2.5,Te,31.0911,eV
23,2.5,Vp,258.7577,V
24,2.5,ni,6.3899e+17,m-3
24,2.5,Te,30.5312,eV
24,2.5,Vp,255.0386,V
25,2.5,ni,5.6391e+17,m-3
25,2.5,Te,29.6207,eV
25,2.5,Vp,250.5569,V
26,2.5,ni,4.8401e+17,m-3
26,2.5,Te,28.3924,eV
26,2.5,Vp,245.1993,V
27,2.5,ni,4.0406e+17,m-3
27,2.5,Te,26.8892,eV
27,2.5,Vp,238.8556,V
28,2.5,ni,3.2807e+17,m-3
28,2.5,Te,25.1618,eV
28,2.5,Vp,231.4287,V
29,2.5,ni,2.5907e+17,m-3
29,2.5,Te,23.2660,eV
29,2.5,Vp,222.8479,V
30,2.5,ni,1.9898e+17,m-3
30,2.5,Te,21.2594,eV
30,2.5,Vp,213.0840,V
31,2.5,ni,1.4864e+17,m-3
31,2.5,Te,19.1989,eV
31,2.5,Vp,202.1652,V
32,2.5,ni,1.0800e+17,m-3
32,2.5,Te,17.1380,eV
32,2.5,Vp,190.1891,V
33,2.5,ni,7.6316e+16,m-3
33,2.5,Te,15.1244,eV
33,2.5,Vp,177.3294,V
34,2.5,ni,5.2451e+16,m-3
34,2.5,Te,13.1988,eV
34,2.5,Vp,163.8320,V
35,2.5,ni,5.0000e+16,m-3
35,2.5,Te,11.3937,eV
35,2.5,Vp,150.0000,V
36,2.5,ni,5.0000e+16,m-3
36,2.5,Te,9.7330,eV
36,2.5,Vp,136.1680,V
37,2.5,ni,5.0000e+16,m-3
37,2.5,Te,8.2321,eV
37,2.5,Vp,122.6706,V
38,2.5,ni,5.0000e+16,m-3
38,2.5,Te,6.8987,eV
38,2.5,Vp,109.8109,V
39,2.5,ni,5.0000e+16,m-3
39,2.5,Te,5.7335,eV
39,2.5,Vp,97.8348,V
40,2.5,ni,5.0000e+16,m-3
40,2.5,Te,4.7313,eV
40,2.5,Vp,86.9160,V
41,2.5,ni,5.0000e+16,m-3
41,2.5,Te,3.8829,eV
41,2.5,Vp,77.1521,V
42,2.5,ni,5.0000e+16,m-3
42,2.5,Te,3.1753,eV
42,2.5,Vp,68.5713,V
43,2.5,ni,5.0000e+16,m-3
43,2.5,Te,3.0000,eV
43,2.5,Vp,61.1444,V
44,2.5,ni,5.0000e+16,m-3
44,2.5,Te,3.0000,eV
44,2.5,Vp,54.8007,V
45,2.5,ni,5.0000e+16,m-3
45,2.5,Te,3.0000,eV
45,2.5,Vp,49.4431,V
46,2.5,ni,5.0000e+16,m-3
46,2.5,Te,3.0000,eV
46,2.5,Vp,44.9614,V
47,2.5,ni,5.0000e+16,m-3
47,2.5,Te,3.0000,eV
47,2.5,Vp,41.2423,V
48,2.5,ni,5.0000e+16,m-3
48,2.5,Te,3.0000,eV
48,2.5,Vp,38.1764,V
49,2.5,ni,5.0000e+16,m-3
49,2.5,Te,3.0000,eV
49,2.5,Vp,35.6628,V
50,2.5,ni,5.0000e+16,m-3
50,2.5,Te,3.0000,eV
50,2.5,Vp,33.6113,V
51,2.5,ni,5.0000e+16,m-3
51,2.5,Te,3.0000,eV
51,2.5,Vp,31.9430,V
52,2.5,ni,5.0000e+16,m-3
52,2.5,Te,3.0000,eV
52,2.5,Vp,30.5905,V
53,2.5,ni,5.0000e+16,m-3
53,2.5,Te,3.0000,eV
53,2.5,Vp,29.4966,V
54,2.5,ni,5.0000e+16,m-3
54,2.5,Te,3.0000,eV
54,2.5,Vp,28.6135,V
55,2.5,ni,5.0000e+16,m-3
55,2.5,Te,3.0000,eV
55,2.5,Vp,27.9018,V
56,2.5,ni,5.0000e+16,m-3
56,2.5,Te,3.0000,eV
56,2.5,Vp,27.3290,V
57,2.5,ni,5.0000e+16,m-3
57,2.5,Te,3.0000,eV
57,2.5,Vp,26.8684,V
58,2.5,ni,5.0000e+16,m-3
58,2.5,Te,3.0000,eV
58,2.5,Vp,26.4983,V
59,2.5,ni,5.0000e+16,m-3
59,2.5,Te,3.0000,eV
59,2.5,Vp,26.2012,V
60,2.5,ni,5.0000e+16,m-3
60,2.5,Te,3.0000,eV
60,2.5,Vp,25.9628,V
61,2.5,ni,5.0000e+16,m-3
61,2.5,Te,3.0000,eV
61,2.5,Vp,25.7715,V
62,2.5,ni,5.0000e+16,m-3
62,2.5,Te,3.0000,eV
62,2.5,Vp,25.6182,V
63,2.5,ni,5.0000e+16,m-3
63,2.5,Te,3.0000,eV
63,2.5,Vp,25.4952,V
64,2.5,ni,5.0000e+16,m-3
64,2.5,Te,3.0000,eV
64,2.5,Vp,25.3967,V
65,2.5,ni,5.0000e+16,m-3
65,2.5,Te,3.0000,eV
65,2.5,Vp,25.3178,V
66,2.5,ni,5.0000e+16,m-3
66,2.5,Te,3.0000,eV
66,2.5,Vp,25.2545,V
67,2.5,ni,5.0000e+16,m-3
67,2.5,Te,3.0000,eV
67,2.5,Vp,25.2038,V
68,2.5,ni,5.0000e+16,m-3
68,2.5,Te,3.0000,eV
68,2.5,Vp,25.1632,V
69,2.5,ni,5.0000e+16,m-3
69,2.5,Te,3.0000,eV
69,2.5,Vp,25.1307,V
70,2.5,ni,5.0000e+16,m-3
70,2.5,Te,3.0000,eV
70,2.5,Vp,25.1047,V
71,2.5,ni,5.0000e+16,m-3
71,2.5,Te,3.0000,eV
71,2.5,Vp,25.0838,V
72,2.5,ni,5.0000e+16,m-3
72,2.5,Te,3.0000,eV
72,2.5,Vp,25.0671,V
73,2.5,ni,5.0000e+16,m-3
73,2.5,Te,3.0000,eV
73,2.5,Vp,25.0538,V
74,2.5,ni,5.0000e+16,m-3
74,2.5,Te,3.0000,eV
74,2.5,Vp,25.0431,V
75,2.5,ni,5.0000e+16,m-3
75,2.5,Te,3.0000,eV
75,2.5,Vp,25.0345,V
76,2.5,ni,5.0000e+16,m-3
76,2.5,Te,3.0000,eV
76,2.5,Vp,25.0276,V
77,2.5,ni,5.0000e+16,m-3
77,2.5,Te,3.0000,eV
77,2.5,Vp,25.0221,V
78,2.5,ni,5.0000e+16,m-3
78,2.5,Te,3.0000,eV
78,2.5,Vp,25.0177,V
79,2.5,ni,5.0000e+16,m-3
79,2.5,Te,3.0000,eV
79,2.5,Vp,25.0142,V
80,2.5,ni,5.0000e+16,m-3
80,2.5,Te,3.0000,eV
80,2.5,Vp,25.0113,V
10,7.5,ni,4.1786e+17,m-3
10,7.5,Te,15.0164,eV
10,7.5,Vp,274.0372,V
11,7.5,ni,5.4405e+17,m-3
11,7.5,Te,17.2852,eV
11,7.5,Vp,273.7988,V
12,7.5,ni,6.8895e+17,m-3
12,7.5,Te,19.6576,eV
12,7.5,Vp,273.5017,V
13,7.5,ni,8.4853e+17,m-3
13,7.5,Te,22.0859,eV
13,7.5,Vp,273.1316,V
14,7.5,ni,1.0165e+18,m-3
14,7.5,Te,24.5135,eV
14,7.5,Vp,272.6710,V
15,7.5,ni,1.1844e+18,m-3
15,7.5,Te,26.8777,eV
15,7.5,Vp,272.0982,V
16,7.5,ni,1.3423e+18,m-3
16,7.5,Te,29.1115,eV
16,7.5,Vp,271.3865,V
17,7.5,ni,1.4801e+18,m-3
17,7.5,Te,31.1467,eV
17,7.5,Vp,270.5034,V
18,7.5,ni,1.5881e+18,m-3
18,7.5,Te,32.9178,eV
18,7.5,Vp,269.4095,V
19,7.5,ni,1.6594e+18,m-3
19,7.5,Te,34.3650,eV
19,7.5,Vp,268.0570,V
20,7.5,ni,1.6905e+18,m-3
20,7.5,Te,35.4377,eV
20,7.5,Vp,266.3887,V
21,7.5,ni,1.6828e+18,m-3
21,7.5,Te,36.0974,eV
21,7.5,Vp,264.3372,V
22,7.5,ni,1.6434e+18,m-3
22,7.5,Te,36.3200,eV
22,7.5,Vp,261.8236,V
23,7.5,ni,1.5841e+18,m-3
23,7.5,Te,36.0974,eV
23,7.5,Vp,258.7577,V
24,7.5,ni,1.5209e+18,m-3
24,7.5,Te,35.4377,eV
24,7.5,Vp,255.0386,V
25,7.5,ni,1.4703e+18,m-3
25,7.5,Te,34.3650,eV
25,7.5,Vp,250.5569,V
26,7.5,ni,1.4459e+18,m-3
26,7.5,Te,32.9178,eV
26,7.5,Vp,245.1993,V
27,7.5,ni,1.4542e+18,m-3
27,7.5,Te,31.1467,eV
27,7.5,Vp,238.8556,V
28,7.5,ni,1.4914e+18,m-3
28,7.5,Te,29.1115,eV
28,7.5,Vp,231.4287,V
29,7.5,ni,1.5427e+18,m-3
29,7.5,Te,26.8777,eV
29,7.5,Vp,222.8479,V
30,7.5,ni,1.5854e+18,m-3
30,7.5,Te,24.5135,eV
30,7.5,Vp,213.0840,V
31,7.5,ni,1.5944e+18,m-3
31,7.5,Te,22.0859,eV
31,7.5,Vp,202.1652,V
32,7.5,ni,1.5498e+18,m-3
32,7.5,Te,19.6576,eV
32,7.5,Vp,190.1891,V
33,7.5,ni,1.4426e+18,m-3
33,7.5,Te,17.2852,eV
33,7.5,Vp,177.3294,V
34,7.5,ni,1.2777e+18,m-3
34,7.5,Te,15.0164,eV
34,7.5,Vp,163.8320,V
35,7.5,ni,1.0723e+18,m-3
35,7.5,Te,12.8896,eV
35,7.5,Vp,150.0000,V
36,7.5,ni,8.5031e+17,m-3
36,7.5,Te,10.9329,eV
36,7.5,Vp,136.1680,V
37,7.5,ni,6.3598e+17,m-3
37,7.5,Te,9.1646,eV
37,7.5,Vp,122.6706,V
38,7.5,ni,4.4813e+17,m-3
38,7.5,Te,7.5935,eV
38,7.5,Vp,109.8109,V
39,7.5,ni,2.9725e+17,m-3
39,7.5,Te,6.2206,eV
39,7.5,Vp,97.8348,V
40,7.5,ni,1.8553e+17,m-3
40,7.5,Te,5.0399,eV
40,7.5,Vp,86.9160,V
41,7.5,ni,1.0892e+17,m-3
41,7.5,Te,4.0402,eV
41,7.5,Vp,77.1521,V
42,7.5,ni,6.0146e+16,m-3
42,7.5,Te,3.2066,eV
42,7.5,Vp,68.5713,V
43,7.5,ni,5.0000e+16,m-3
43,7.5,Te,3.0000,eV
43,7.5,Vp,61.1444,V
44,7.5,ni,5.0000e+16,m-3
44,7.5,Te,3.0000,eV
44,7.5,Vp,54.8007,V
45,7.5,ni,5.0000e+16,m-3
45,7.5,Te,3.0000,eV
45,7.5,Vp,49.4431,V
46,7.5,ni,5.0000e+16,m-3
46,7.5,Te,3.0000,eV
46,7.5,Vp,44.9614,V
47,7.5,ni,5.0000e+16,m-3
47,7.5,Te,3.0000,eV
47,7.5,Vp,41.2423,V
48,7.5,ni,5.0000e+16,m-3
48,7.5,Te,3.0000,eV
48,7.5,Vp,38.1764,V
49,7.5,ni,5.0000e+16,m-3
49,7.5,Te,3.0000,eV
49,7.5,Vp,35.6628,V
50,7.5,ni,5.0000e+16,m-3
50,7.5,Te,3.0000,eV
50,7.5,Vp,33.6113,V
51,7.5,ni,5.0000e+16,m-3
51,7.5,Te,3.0000,eV
51,7.5,Vp,31.9430,V
52,7.5,ni,5.0000e+16,m-3
52,7.5,Te,3.0000,eV
52,7.5,Vp,30.5905,V
53,7.5,ni,5.0000e+16,m-3
53,7.5,Te,3.0000,eV
53,7.5,Vp,29.4966,V
54,7.5,ni,5.0000e+16,m-3
54,7.5,Te,3.0000,eV
54,7.5,Vp,28.6135,V
55,7.5,ni,5.0000e+16,m-3
55,7.5,Te,3.0000,eV
55,7.5,Vp,27.9018,V
56,7.5,ni,5.0000e+16,m-3
56,7.5,Te,3.0000,eV
56,7.5,Vp,27.3290,V
57,7.5,ni,5.0000e+16,m-3
57,7.5,Te,3.0000,eV
57,7.5,Vp,26.8684,V
58,7.5,ni,5.0000e+16,m-3
58,7.5,Te,3.0000,eV
58,7.5,Vp,26.4983,V
59,7.5,ni,5.0000e+16,m-3
59,7.5,Te,3.0000,eV
59,7.5,Vp,26.2012,V
60,7.5,ni,5.0000e+16,m-3
60,7.5,Te,3.0000,eV
60,7.5,Vp,25.9628,V
61,7.5,ni,5.0000e+16,m-3
61,7.5,Te,3.0000,eV
61,7.5,Vp,25.7715,V
62,7.5,ni,5.0000e+16,m-3
62,7.5,Te,3.0000,eV
62,7.5,Vp,25.6182,V
63,7.5,ni,5.0000e+16,m-3
63,7.5,Te,3.0000,eV
63,7.5,Vp,25.4952,V
64,7.5,ni,5.0000e+16,m-3
64,7.5,Te,3.0000,eV
64,7.5,Vp,25.3967,V
65,7.5,ni,5.0000e+16,m-3
65,7.5,Te,3.0000,eV
65,7.5,Vp,25.3178,V
66,7.5,ni,5.0000e+16,m-3
66,7.5,Te,3.0000,eV
66,7.5,Vp,25.2545,V
67,7.5,ni,5.0000e+16,m-3
67,7.5,Te,3.0000,eV
67,7.5,Vp,25.2038,V
68,7.5,ni,5.0000e+16,m-3
68,7.5,Te,3.0000,eV
68,7.5,Vp,25.1632,V
69,7.5,ni,5.0000e+16,m-3
69,7.5,Te,3.0000,eV
69,7.5,Vp,25.1307,V
70,7.5,ni,5.0000e+16,m-3
70,7.5,Te,3.0000,eV
70,7.5,Vp,25.1047,V
71,7.5,ni,5.0000e+16,m-3
71,7.5,Te,3.0000,eV
71,7.5,Vp,25.0838,V
72,7.5,ni,5.0000e+16,m-3
72,7.5,Te,3.0000,eV
72,7.5,Vp,25.0671,V
73,7.5,ni,5.0000e+16,m-3
73,7.5,Te,3.0000,eV
73,7.5,Vp,25.0538,V
74,7.5,ni,5.0000e+16,m-3
74,7.5,Te,3.0000,eV
74,7.5,Vp,25.0431,V
75,7.5,ni,5.0000e+16,m-3
75,7.5,Te,3.0000,eV
75,7.5,Vp,25.0345,V
76,7.5,ni,5.0000e+16,m-3
76,7.5,Te,3.0000,eV
76,7.5,Vp,25.0276,V
77,7.5,ni,5.0000e+16,m-3
77,7.5,Te,3.0000,eV
77,7.5,Vp,25.0221,V
78,7.5,ni,5.0000e+16,m-3
78,7.5,Te,3.0000,eV
78,7.5,Vp,25.0177,V
79,7.5,ni,5.0000e+16,m-3
79,7.5,Te,3.0000,eV
79,7.5,Vp,25.0142,V
80,7.5,ni,5.0000e+16,m-3
80,7.5,Te,3.0000,eV
80,7.5,Vp,25.0113,V
10,12.5,ni,4.9746e+17,m-3
10,12.5,Te,15.6223,eV
10,12.5,Vp,274.0372,V
11,12.5,ni,6.4768e+17,m-3
11,12.5,Te,18.0054,eV
11,12.5,Vp,273.7988,V
12,12.5,ni,8.2017e+17,m-3
12,12.5,Te,20.4975,eV
12,12.5,Vp,273.5017,V
13,12.5,ni,1.0102e+18,m-3
13,12.5,Te,23.0482,eV
13,12.5,Vp,273.1316,V
14,12.5,ni,1.2101e+18,m-3
14,12.5,Te,25.5983,eV
14,12.5,Vp,272.6710,V
15,12.5,ni,1.4100e+18,m-3
15,12.5,Te,28.0817,eV
15,12.5,Vp,272.0982,V
16,12.5,ni,1.5980e+18,m-3
16,12.5,Te,30.4280,eV
16,12.5,Vp,271.3865,V
17,12.5,ni,1.7620e+18,m-3
17,12.5,Te,32.5659,eV
17,12.5,Vp,270.5034,V
18,12.5,ni,1.8906e+18,m-3
18,12.5,Te,34.4263,eV
18,12.5,Vp,269.4095,V
19,12.5,ni,1.9755e+18,m-3
19,12.5,Te,35.9465,eV
19,12.5,Vp,268.0570,V
20,12.5,ni,2.0125e+18,m-3
20,12.5,Te,37.0732,eV
20,12.5,Vp,266.3887,V
21,12.5,ni,2.0034e+18,m-3
21,12.5,Te,37.7662,eV
21,12.5,Vp,264.3372,V
22,12.5,ni,1.9564e+18,m-3
22,12.5,Te,38.0000,eV
22,12.5,Vp,261.8236,V
23,12.5,ni,1.8859e+18,m-3
23,12.5,Te,37.7662,eV
23,12.5,Vp,258.7577,V
24,12.5,ni,1.8106e+18,m-3
24,12.5,Te,37.0732,eV
24,12.5,Vp,255.0386,V
25,12.5,ni,1.7504e+18,m-3
25,12.5,Te,35.9465,eV
25,12.5,Vp,250.5569,V
26,12.5,ni,1.7214e+18,m-3
26,12.5,Te,34.4263,eV
26,12.5,Vp,245.1993,V
27,12.5,ni,1.7312e+18,m-3
27,12.5,Te,32.5659,eV
27,12.5,Vp,238.8556,V
28,12.5,ni,1.7755e+18,m-3
28,12.5,Te,30.4280,eV
28,12.5,Vp,231.4287,V
29,12.5,ni,1.8366e+18,m-3
29,12.5,Te,28.0817,eV
29,12.5,Vp,222.8479,V
30,12.5,ni,1.8874e+18,m-3
30,12.5,Te,25.5983,eV
30,12.5,Vp,213.0840,V
31,12.5,ni,1.8982e+18,m-3
31,12.5,Te,23.0482,eV
31,12.5,Vp,202.1652,V
32,12.5,ni,1.8450e+18,m-3
32,12.5,Te,20.4975,eV
32,12.5,Vp,190.1891,V
33,12.5,ni,1.7173e+18,m-3
33,12.5,Te,18.0054,eV
33,12.5,Vp,177.3294,V
34,12.5,ni,1.5211e+18,m-3
34,12.5,Te,15.6223,eV
34,12.5,Vp,163.8320,V
35,12.5,ni,1.2765e+18,m-3
35,12.5,Te,13.3882,eV
35,12.5,Vp,150.0000,V
36,12.5,ni,1.0123e+18,m-3
36,12.5,Te,11.3329,eV
36,12.5,Vp,136.1680,V
37,12.5,ni,7.5712e+17,m-3
37,12.5,Te,9.4754,eV
37,12.5,Vp,122.6706,V
38,12.5,ni,5.3349e+17,m-3
38,12.5,Te,7.8251,eV
38,12.5,Vp,109.8109,V
39,12.5,ni,3.5387e+17,m-3
39,12.5,Te,6.3830,eV
39,12.5,Vp,97.8348,V
40,12.5,ni,2.2087e+17,m-3
40,12.5,Te,5.1427,eV
40,12.5,Vp,86.9160,V
41,12.5,ni,1.2967e+17,m-3
41,12.5,Te,4.0926,eV
41,12.5,Vp,77.1521,V
42,12.5,ni,7.1602e+16,m-3
42,12.5,Te,3.2170,eV
42,12.5,Vp,68.5713,V
43,12.5,ni,5.0000e+16,m-3
43,12.5,Te,3.0000,eV
43,12.5,Vp,61.1444,V
44,12.5,ni,5.0000e+16,m-3
44,12.5,Te,3.0000,eV
44,12.5,Vp,54.8007,V
45,12.5,ni,5.0000e+16,m-3
45,12.5,Te,3.0000,eV
45,12.5,Vp,49.4431,V
46,12.5,ni,5.0000e+16,m-3
46,12.5,Te,3.0000,eV
46,12.5,Vp,44.9614,V
47,12.5,ni,5.0000e+16,m-3
47,12.5,Te,3.0000,eV
47,12.5,Vp,41.2423,V
48,12.5,ni,5.0000e+16,m-3
48,12.5,Te,3.0000,eV
48,12.5,Vp,38.1764,V
49,12.5,ni,5.0000e+16,m-3
49,12.5,Te,3.0000,eV
49,12.5,Vp,35.6628,V
50,12.5,ni,5.0000e+16,m-3
50,12.5,Te,3.0000,eV
50,12.5,Vp,33.6113,V
51,12.5,ni,5.0000e+16,m-3
51,12.5,Te,3.0000,eV
51,12.5,Vp,31.9430,V
52,12.5,ni,5.0000e+16,m-3
52,12.5,Te,3.0000,eV
52,12.5,Vp,30.5905,V
53,12.5,ni,5.0000e+16,m-3
53,12.5,Te,3.0000,eV
53,12.5,Vp,29.4966,V
54,12.5,ni,5.0000e+16,m-3
54,12.5,Te,3.0000,eV
54,12.5,Vp,28.6135,V
55,12.5,ni,5.0000e+16,m-3
55,12.5,Te,3.0000,eV
55,12.5,Vp,27.9018,V
56,12.5,ni,5.0000e+16,m-3
56,12.5,Te,3.0000,eV
56,12.5,Vp,27.3290,V
57,12.5,ni,5.0000e+16,m-3
57,12.5,Te,3.0000,eV
57,12.5,Vp,26.8684,V
58,12.5,ni,5.0000e+16,m-3
58,12.5,Te,3.0000,eV
58,12.5,Vp,26.4983,V
59,12.5,ni,5.0000e+16,m-3
59,12.5,Te,3.0000,eV
59,12.5,Vp,26.2012,V
60,12.5,ni,5.0000e+16,m-3
60,12.5,Te,3.0000,eV
60,12.5,Vp,25.9628,V
61,12.5,ni,5.0000e+16,m-3
61,12.5,Te,3.0000,eV
61,12.5,Vp,25.7715,V
62,12.5,ni,5.0000e+16,m-3
62,12.5,Te,3.0000,eV
62,12.5,Vp,25.6182,V
63,12.5,ni,5.0000e+16,m-3
63,12.5,Te,3.0000,eV
63,12.5,Vp,25.4952,V
64,12.5,ni,5.0000e+16,m-3
64,12.5,Te,3.0000,eV
64,12.5,Vp,25.3967,V
65,12.5,ni,5.0000e+16,m-3
65,12.5,Te,3.0000,eV
65,12.5,Vp,25.3178,V
66,12.5,ni,5.0000e+16,m-3
66,12.5,Te,3.0000,eV
66,12.5,Vp,25.2545,V
67,12.5,ni,5.0000e+16,m-3
67,12.5,Te,3.0000,eV
67,12.5,Vp,25.2038,V
68,12.5,ni,5.0000e+16,m-3
68,12.5,Te,3.0000,eV
68,12.5,Vp,25.1632,V
69,12.5,ni,5.0000e+16,m-3
69,12.5,Te,3.0000,eV
69,12.5,Vp,25.1307,V
70,12.5,ni,5.0000e+16,m-3
70,12.5,Te,3.0000,eV
70,12.5,Vp,25.1047,V
71,12.5,ni,5.0000e+16,m-3
71,12.5,Te,3.0000,eV
71,12.5,Vp,25.0838,V
72,12.5,ni,5.0000e+16,m-3
72,12.5,Te,3.0000,eV
72,12.5,Vp,25.0671,V
73,12.5,ni,5.0000e+16,m-3
73,12.5,Te,3.0000,eV
73,12.5,Vp,25.0538,V
74,12.5,ni,5.0000e+16,m-3
74,12.5,Te,3.0000,eV
74,12.5,Vp,25.0431,V
75,12.5,ni,5.0000e+16,m-3
75,12.5,Te,3.0000,eV
75,12.5,Vp,25.0345,V
76,12.5,ni,5.0000e+16,m-3
76,12.5,Te,3.0000,eV
76,12.5,Vp,25.0276,V
77,12.5,ni,5.0000e+16,m-3
77,12.5,Te,3.0000,eV
77,12.5,Vp,25.0221,V
78,12.5,ni,5.0000e+16,m-3
78,12.5,Te,3.0000,eV
78,12.5,Vp,25.0177,V
79,12.5,ni,5.0000e+16,m-3
79,12.5,Te,3.0000,eV
79,12.5,Vp,25.0142,V
80,12.5,ni,5.0000e+16,m-3
80,12.5,Te,3.0000,eV
80,12.5,Vp,25.0113,V
10,17.5,ni,4.1786e+17,m-3
10,17.5,Te,15.0164,eV
10,17.5,Vp,274.0372,V
11,17.5,ni,5.4405e+17,m-3
11,17.5,Te,17.2852,eV
11,17.5,Vp,273.7988,V
12,17.5,ni,6.8895e+17,m-3
12,17.5,Te,19.6576,eV
12,17.5,Vp,273.5017,V
13,17.5,ni,8.4853e+17,m-3
13,17.5,Te,22.0859,eV
13,17.5,Vp,273.1316,V
14,17.5,ni,1.0165e+18,m-3
14,17.5,Te,24.5135,eV
14,17.5,Vp,272.6710,V
15,17.5,ni,1.1844e+18,m-3
15,17.5,Te,26.8777,eV
15,17.5,Vp,272.0982,V
16,17.5,ni,1.3423e+18,m-3
16,17.5,Te,29.1115,eV
16,17.5,Vp,271.3865,V
17,17.5,ni,1.4801e+18,m-3
17,17.5,Te,31.1467,eV
17,17.5,Vp,270.5034,V
18,17.5,ni,1.5881e+18,m-3
18,17.5,Te,32.9178,eV
18,17.5,Vp,269.4095,V
19,17.5,ni,1.6594e+18,m-3
19,17.5,Te,34.3650,eV
19,17.5,Vp,268.0570,V
20,17.5,ni,1.6905e+18,m-3
20,17.5,Te,35.4377,eV
20,17.5,Vp,266.3887,V
21,17.5,ni,1.6828e+18,m-3
21,17.5,Te,36.0974,eV
21,17.5,Vp,264.3372,V
22,17.5,ni,1.6434e+18,m-3
22,17.5,Te,36.3200,eV
22,17.5,Vp,261.8236,V
23,17.5,ni,1.5841e+18,m-3
23,17.5,Te,36.0974,eV
23,17.5,Vp,258.7577,V
24,17.5,ni,1.5209e+18,m-3
24,17.5,Te,35.4377,eV
24,17.5,Vp,255.0386,V
25,17.5,ni,1.4703e+18,m-3
25,17.5,Te,34.3650,eV
25,17.5,Vp,250.5569,V
26,17.5,ni,1.4459e+18,m-3
26,17.5,Te,32.9178,eV
26,17.5,Vp,245.1993,V
27,17.5,ni,1.4542e+18,m-3
27,17.5,Te,31.1467,eV
27,17.5,Vp,238.8556,V
28,17.5,ni,1.4914e+18,m-3
28,17.5,Te,29.1115,eV
28,17.5,Vp,231.4287,V
29,17.5,ni,1.5427e+18,m-3
29,17.5,Te,26.8777,eV
29,17.5,Vp,222.8479,V
30,17.5,ni,1.5854e+18,m-3
30,17.5,Te,24.5135,eV
30,17.5,Vp,213.0840,V
31,17.5,ni,1.5944e+18,m-3
31,17.5,Te,22.0859,eV
31,17.5,Vp,202.1652,V
32,17.5,ni,1.5498e+18,m-3
32,17.5,Te,19.6576,eV
32,17.5,Vp,190.1891,V
33,17.5,ni,1.4426e+18,m-3
33,17.5,Te,17.2852,eV
33,17.5,Vp,177.3294,V
34,17.5,ni,1.2777e+18,m-3
34,17.5,Te,15.0164,eV
34,17.5,Vp,163.8320,V
35,17.5,ni,1.0723e+18,m-3
35,17.5,Te,12.8896,eV
35,17.5,Vp,150.0000,V
36,17.5,ni,8.5031e+17,m-3
36,17.5,Te,10.9329,eV
36,17.5,Vp,136.1680,V
37,17.5,ni,6.3598e+17,m-3
37,17.5,Te,9.1646,eV
37,17.5,Vp,122.6706,V
38,17.5,ni,4.4813e+17,m-3
38,17.5,Te,7.5935,eV
38,17.5,Vp,109.8109,V
39,17.5,ni,2.9725e+17,m-3
39,17.5,Te,6.2206,eV
39,17.5,Vp,97.8348,V
40,17.5,ni,1.8553e+17,m-3
40,17.5,Te,5.0399,eV
40,17.5,Vp,86.9160,V
41,17.5,ni,1.0892e+17,m-3
41,17.5,Te,4.0402,eV
41,17.5,Vp,77.1521,V
42,17.5,ni,6.0146e+16,m-3
42,17.5,Te,3.2066,eV
42,17.5,Vp,68.5713,V
43,17.5,ni,5.0000e+16,m-3
43,17.5,Te,3.0000,eV
43,17.5,Vp,61.1444,V
44,17.5,ni,5.0000e+16,m-3
44,17.5,Te,3.0000,eV
44,17.5,Vp,54.8007,V
45,17.5,ni,5.0000e+16,m-3
45,17.5,Te,3.0000,eV
45,17.5,Vp,49.4431,V
46,17.5,ni,5.0000e+16,m-3
46,17.5,Te,3.0000,eV
46,17.5,Vp,44.9614,V
47,17.5,ni,5.0000e+16,m-3
47,17.5,Te,3.0000,eV
47,17.5,Vp,41.2423,V
48,17.5,ni,5.0000e+16,m-3
48,17.5,Te,3.0000,eV
48,17.5,Vp,38.1764,V
49,17.5,ni,5.0000e+16,m-3
49,17.5,Te,3.0000,eV
49,17.5,Vp,35.6628,V
50,17.5,ni,5.0000e+16,m-3
50,17.5,Te,3.0000,eV
50,17.5,Vp,33.6113,V
51,17.5,ni,5.0000e+16,m-3
51,17.5,Te,3.0000,eV
51,17.5,Vp,31.9430,V
52,17.5,ni,5.0000e+16,m-3
52,17.5,Te,3.0000,eV
52,17.5,Vp,30.5905,V
53,17.5,ni,5.0000e+16,m-3
53,17.5,Te,3.0000,eV
53,17.5,Vp,29.4966,V
54,17.5,ni,5.0000e+16,m-3
54,17.5,Te,3.0000,eV
54,17.5,Vp,28.6135,V
55,17.5,ni,5.0000e+16,m-3
55,17.5,Te,3.0000,eV
55,17.5,Vp,27.9018,V
56,17.5,ni,5.0000e+16,m-3
56,17.5,Te,3.0000,eV
56,17.5,Vp,27.3290,V
57,17.5,ni,5.0000e+16,m-3
57,17.5,Te,3.0000,eV
57,17.5,Vp,26.8684,V
58,17.5,ni,5.0000e+16,m-3
58,17.5,Te,3.0000,eV
58,17.5,Vp,26.4983,V
59,17.5,ni,5.0000e+16,m-3
59,17.5,Te,3.0000,eV
59,17.5,Vp,26.2012,V
60,17.5,ni,5.0000e+16,m-3
60,17.5,Te,3.0000,eV
60,17.5,Vp,25.9628,V
61,17.5,ni,5.0000e+16,m-3
61,17.5,Te,3.0000,eV
61,17.5,Vp,25.7715,V
62,17.5,ni,5.0000e+16,m-3
62,17.5,Te,3.0000,eV
62,17.5,Vp,25.6182,V
63,17.5,ni,5.0000e+16,m-3
63,17.5,Te,3.0000,eV
63,17.5,Vp,25.4952,V
64,17.5,ni,5.0000e+16,m-3
64,17.5,Te,3.0000,eV
64,17.5,Vp,25.3967,V
65,17.5,ni,5.0000e+16,m-3
65,17.5,Te,3.0000,eV
65,17.5,Vp,25.3178,V
66,17.5,ni,5.0000e+16,m-3
66,17.5,Te,3.0000,eV
66,17.5,Vp,25.2545,V
67,17.5,ni,5.0000e+16,m-3
67,17.5,Te,3.0000,eV
67,17.5,Vp,25.2038,V
68,17.5,ni,5.0000e+16,m-3
68,17.5,Te,3.0000,eV
68,17.5,Vp,25.1632,V
69,17.5,ni,5.0000e+16,m-3
69,17.5,Te,3.0000,eV
69,17.5,Vp,25.1307,V
70,17.5,ni,5.0000e+16,m-3
70,17.5,Te,3.0000,eV
70,17.5,Vp,25.1047,V
71,17.5,ni,5.0000e+16,m-3
71,17.5,Te,3.0000,eV
71,17.5,Vp,25.0838,V
72,17.5,ni,5.0000e+16,m-3
72,17.5,Te,3.0000,eV
72,17.5,Vp,25.0671,V
73,17.5,ni,5.0000e+16,m-3
73,17.5,Te,3.0000,eV
73,17.5,Vp,25.0538,V
74,17.5,ni,5.0000e+16,m-3
74,17.5,Te,3.0000,eV
74,17.5,Vp,25.0431,V
75,17.5,ni,5.0000e+16,m-3
75,17.5,Te,3.0000,eV
75,17.5,Vp,25.0345,V
76,17.5,ni,5.0000e+16,m-3
76,17.5,Te,3.0000,eV
76,17.5,Vp,25.0276,V
77,17.5,ni,5.0000e+16,m-3
77,17.5,Te,3.0000,eV
77,17.5,Vp,25.0221,V
78,17.5,ni,5.0000e+16,m-3
78,17.5,Te,3.0000,eV
78,17.5,Vp,25.0177,V
79,17.5,ni,5.0000e+16,m-3
79,17.5,Te,3.0000,eV
79,17.5,Vp,25.0142,V
80,17.5,ni,5.0000e+16,m-3
80,17.5,Te,3.0000,eV
80,17.5,Vp,25.0113,V
10,22.5,ni,1.9898e+17,m-3
10,22.5,Te,13.1988,eV
10,22.5,Vp,274.0372,V
11,22.5,ni,2.5907e+17,m-3
11,22.5,Te,15.1244,eV
11,22.5,Vp,273.7988,V
12,22.5,ni,3.2807e+17,m-3
12,22.5,Te,17.1380,eV
12,22.5,Vp,273.5017,V
13,22.5,ni,4.0406e+17,m-3
13,22.5,Te,19.1989,eV
13,22.5,Vp,273.1316,V
14,22.5,ni,4.8404e+17,m-3
14,22.5,Te,21.2594,eV
14,22.5,Vp,272.6710,V
15,22.5,ni,5.6398e+17,m-3
15,22.5,Te,23.2660,eV
15,22.5,Vp,272.0982,V
16,22.5,ni,6.3920e+17,m-3
16,22.5,Te,25.1618,eV
16,22.5,Vp,271.3865,V
17,22.5,ni,7.0479e+17,m-3
17,22.5,Te,26.8892,eV
17,22.5,Vp,270.5034,V
18,22.5,ni,7.5625e+17,m-3
18,22.5,Te,28.3924,eV
18,22.5,Vp,269.4095,V
19,22.5,ni,7.9020e+17,m-3
19,22.5,Te,29.6207,eV
19,22.5,Vp,268.0570,V
20,22.5,ni,8.0500e+17,m-3
20,22.5,Te,30.5312,eV
20,22.5,Vp,266.3887,V
21,22.5,ni,8.0135e+17,m-3
21,22.5,Te,31.0911,eV
21,22.5,Vp,264.3372,V
22,22.5,ni,7.8256e+17,m-3
22,22.5,Te,31.2800,eV
22,22.5,Vp,261.8236,V
23,22.5,ni,7.5436e+17,m-3
23,22.5,Te,31.0911,eV
23,22.5,Vp,258.7577,V
24,22.5,ni,7.2425e+17,m-3
24,22.5,Te,30.5312,eV
24,22.5,Vp,255.0386,V
25,22.5,ni,7.0015e+17,m-3
25,22.5,Te,29.6207,eV
25,22.5,Vp,250.5569,V
26,22.5,ni,6.8854e+17,m-3
26,22.5,Te,28.3924,eV
26,22.5,Vp,245.1993,V
27,22.5,ni,6.9249e+17,m-3
27,22.5,Te,26.8892,eV
27,22.5,Vp,238.8556,V
28,22.5,ni,7.1018e+17,m-3
28,22.5,Te,25.1618,eV
28,22.5,Vp,231.4287,V
29,22.5,ni,7.3462e+17,m-3
29,22.5,Te,23.2660,eV
29,22.5,Vp,222.8479,V
30,22.5,ni,7.5496e+17,m-3
30,22.5,Te,21.2594,eV
30,22.5,Vp,213.0840,V
31,22.5,ni,7.5926e+17,m-3
31,22.5,Te,19.1989,eV
31,22.5,Vp,202.1652,V
32,22.5,ni,7.3800e+17,m-3
32,22.5,Te,17.1380,eV
32,22.5,Vp,190.1891,V
33,22.5,ni,6.8693e+17,m-3
33,22.5,Te,15.1244,eV
33,22.5,Vp,177.3294,V
34,22.5,ni,6.0842e+17,m-3
34,22.5,Te,13.1988,eV
34,22.5,Vp,163.8320,V
35,22.5,ni,5.1061e+17,m-3
35,22.5,Te,11.3937,eV
35,22.5,Vp,150.0000,V
36,22.5,ni,4.0491e+17,m-3
36,22.5,Te,9.7330,eV
36,22.5,Vp,136.1680,V
37,22.5,ni,3.0285e+17,m-3
37,22.5,Te,8.2321,eV
37,22.5,Vp,122.6706,V
38,22.5,ni,2.1340e+17,m-3
38,22.5,Te,6.8987,eV
38,22.5,Vp,109.8109,V
39,22.5,ni,1.4155e+17,m-3
39,22.5,Te,5.7335,eV
39,22.5,Vp,97.8348,V
40,22.5,ni,8.8346e+16,m-3
40,22.5,Te,4.7313,eV
40,22.5,Vp,86.9160,V
41,22.5,ni,5.1868e+16,m-3
41,22.5,Te,3.8829,eV
41,22.5,Vp,77.1521,V
42,22.5,ni,5.0000e+16,m-3
42,22.5,Te,3.1753,eV
42,22.5,Vp,68.5713,V
43,22.5,ni,5.0000e+16,m-3
43,22.5,Te,3.0000,eV
43,22.5,Vp,61.1444,V
44,22.5,ni,5.0000e+16,m-3
44,22.5,Te,3.0000,eV
44,22.5,Vp,54.8007,V
45,22.5,ni,5.0000e+16,m-3
45,22.5,Te,3.0000,eV
45,22.5,Vp,49.4431,V
46,22.5,ni,5.0000e+16,m-3
46,22.5,Te,3.0000,eV
46,22.5,Vp,44.9614,V
47,22.5,ni,5.0000e+16,m-3
47,22.5,Te,3.0000,eV
47,22.5,Vp,41.2423,V
48,22.5,ni,5.0000e+16,m-3
48,22.5,Te,3.0000,eV
48,22.5,Vp,38.1764,V
49,22.5,ni,5.0000e+16,m-3
49,22.5,Te,3.0000,eV
49,22.5,Vp,35.6628,V
50,22.5,ni,5.0000e+16,m-3
50,22.5,Te,3.0000,eV
50,22.5,Vp,33.6113,V
51,22.5,ni,5.0000e+16,m-3
51,22.5,Te,3.0000,eV
51,22.5,Vp,31.9430,V
52,22.5,ni,5.0000e+16,m-3
52,22.5,Te,3.0000,eV
52,22.5,Vp,30.5905,V
53,22.5,ni,5.0000e+16,m-3
53,22.5,Te,3.0000,eV
53,22.5,Vp,29.4966,V
54,22.5,ni,5.0000e+16,m-3
54,22.5,Te,3.0000,eV
54,22.5,Vp,28.6135,V
55,22.5,ni,5.0000e+16,m-3
55,22.5,Te,3.0000,eV
55,22.5,Vp,27.9018,V
56,22.5,ni,5.0000e+16,m-3
56,22.5,Te,3.0000,eV
56,22.5,Vp,27.3290,V
57,22.5,ni,5.0000e+16,m-3
57,22.5,Te,3.0000,eV
57,22.5,Vp,26.8684,V
58,22.5,ni,5.0000e+16,m-3
58,22.5,Te,3.0000,eV
58,22.5,Vp,26.4983,V
59,22.5,ni,5.0000e+16,m-3
59,22.5,Te,3.0000,eV
59,22.5,Vp,26.2012,V
60,22.5,ni,5.0000e+16,m-3
60,22.5,Te,3.0000,eV
60,22.5,Vp,25.9628,V
61,22.5,ni,5.0000e+16,m-3
61,22.5,Te,3.0000,eV
61,22.5,Vp,25.7715,V
62,22.5,ni,5.0000e+16,m-3
62,22.5,Te,3.0000,eV
62,22.5,Vp,25.6182,V
63,22.5,ni,5.0000e+16,m-3
63,22.5,Te,3.0000,eV
63,22.5,Vp,25.4952,V
64,22.5,ni,5.0000e+16,m-3
64,22.5,Te,3.0000,eV
64,22.5,Vp,25.3967,V
65,22.5,ni,5.0000e+16,m-3
65,22.5,Te,3.0000,eV
65,22.5,Vp,25.3178,V
66,22.5,ni,5.0000e+16,m-3
66,22.5,Te,3.0000,eV
66,22.5,Vp,25.2545,V
67,22.5,ni,5.0000e+16,m-3
67,22.5,Te,3.0000,eV
67,22.5,Vp,25.2038,V
68,22.5,ni,5.0000e+16,m-3
68,22.5,Te,3.0000,eV
68,22.5,Vp,25.1632,V
69,22.5,ni,5.0000e+16,m-3
69,22.5,Te,3.0000,eV
69,22.5,Vp,25.1307,V
70,22.5,ni,5.0000e+16,m-3
70,22.5,Te,3.0000,eV
70,22.5,Vp,25.1047,V
71,22.5,ni,5.0000e+16,m-3
71,22.5,Te,3.0000,eV
71,22.5,Vp,25.0838,V
72,22.5,ni,5.0000e+16,m-3
72,22.5,Te,3.0000,eV
72,22.5,Vp,25.0671,V
73,22.5,ni,5.0000e+16,m-3
73,22.5,Te,3.0000,eV
73,22.5,Vp,25.0538,V
74,22.5,ni,5.0000e+16,m-3
74,22.5,Te,3.0000,eV
74,22.5,Vp,25.0431,V
75,22.5,ni,5.0000e+16,m-3
75,22.5,Te,3.0000,eV
75,22.5,Vp,25.0345,V
76,22.5,ni,5.0000e+16,m-3
76,22.5,Te,3.0000,eV
76,22.5,Vp,25.0276,V
77,22.5,ni,5.0000e+16,m-3
77,22.5,Te,3.0000,eV
77,22.5,Vp,25.0221,V
78,22.5,ni,5.0000e+16,m-3
78,22.5,Te,3.0000,eV
78,22.5,Vp,25.0177,V
79,22.5,ni,5.0000e+16,m-3
79,22.5,Te,3.0000,eV
79,22.5,Vp,25.0142,V
80,22.5,ni,5.0000e+16,m-3
80,22.5,Te,3.0000,eV
80,22.5,Vp,25.0113,V
